Name,URL,Tags
(HotS) Char Fortress Ash,(HotS)_Char_Fortress_Ash,
(HotS) Char Fortress Cracked Lava,(HotS)_Char_Fortress_Cracked_Lava,
(HotS) Char Fortress Dirt Cracked,(HotS)_Char_Fortress_Dirt_Cracked,
(HotS) Char Fortress Dirt,(HotS)_Char_Fortress_Dirt,
(HotS) Char Fortress Lava Flows,(HotS)_Char_Fortress_Lava_Flows,
(HotS) Char Fortress Panel Details,(HotS)_Char_Fortress_Panel_Details,
(HotS) Char Fortress Panels,(HotS)_Char_Fortress_Panels,
(HotS) Char Fortress Rock,(HotS)_Char_Fortress_Rock,
(HotS) Char Marsh Barnacles,(HotS)_Char_Marsh_Barnacles,
(HotS) Char Marsh Dirt Cracked,(HotS)_Char_Marsh_Dirt_Cracked,
(HotS) Char Marsh Dirt Gradient,(HotS)_Char_Marsh_Dirt_Gradient,
(HotS) Char Marsh Dirt,(HotS)_Char_Marsh_Dirt,
(HotS) Char Marsh Lava Flows,(HotS)_Char_Marsh_Lava_Flows,
(HotS) Char Marsh Lava Rock,(HotS)_Char_Marsh_Lava_Rock,
(HotS) Char Marsh Sediment,(HotS)_Char_Marsh_Sediment,
(HotS) Char Marsh Sponge,(HotS)_Char_Marsh_Sponge,
(HotS) Daelaam Ark Hex Grid Large,(HotS)_Daelaam_Ark_Hex_Grid_Large,
(HotS) Daelaam Ark Hex Grid Medium,(HotS)_Daelaam_Ark_Hex_Grid_Medium,
(HotS) Daelaam Ark Hex Grid Small,(HotS)_Daelaam_Ark_Hex_Grid_Small,
(HotS) Daelaam Ark Metal Dark,(HotS)_Daelaam_Ark_Metal_Dark,
(HotS) Daelaam Ark Metal Light,(HotS)_Daelaam_Ark_Metal_Light,
(HotS) Daelaam Ark Panels Dark,(HotS)_Daelaam_Ark_Panels_Dark,
(HotS) Daelaam Ark Panels Light,(HotS)_Daelaam_Ark_Panels_Light,
(HotS) Daelaam Ark Plates,(HotS)_Daelaam_Ark_Plates,
(HotS) Immortal Forge Concrete Cracked,(HotS)_Immortal_Forge_Concrete_Cracked,
(HotS) Immortal Forge Concrete,(HotS)_Immortal_Forge_Concrete,
(HotS) Immortal Forge Gravel,(HotS)_Immortal_Forge_Gravel,
(HotS) Immortal Forge Grid Medium,(HotS)_Immortal_Forge_Grid_Medium,
(HotS) Immortal Forge Grid Small,(HotS)_Immortal_Forge_Grid_Small,
(HotS) Immortal Forge Panels Dark,(HotS)_Immortal_Forge_Panels_Dark,
(HotS) Immortal Forge Panels Thick,(HotS)_Immortal_Forge_Panels_Thick,
(HotS) Immortal Forge Rock,(HotS)_Immortal_Forge_Rock,
(HotS) Kaldir Ice Cracked,(HotS)_Kaldir_Ice_Cracked,
(HotS) Kaldir Ice Crumbled,(HotS)_Kaldir_Ice_Crumbled,
(HotS) Kaldir Ice Dark,(HotS)_Kaldir_Ice_Dark,
(HotS) Kaldir Ice Light,(HotS)_Kaldir_Ice_Light,
(HotS) Kaldir Rock,(HotS)_Kaldir_Rock,
(HotS) Kaldir Snow Icy,(HotS)_Kaldir_Snow_Icy,
(HotS) Kaldir Snow Powdered,(HotS)_Kaldir_Snow_Powdered,
(HotS) Kaldir Sponge,(HotS)_Kaldir_Sponge,
(HotS) Korhal City Concrete Cracked,(HotS)_Korhal_City_Concrete_Cracked,
(HotS) Korhal City Dirt Dark,(HotS)_Korhal_City_Dirt_Dark,
(HotS) Korhal City Dirt Light,(HotS)_Korhal_City_Dirt_Light,
(HotS) Korhal City Grass,(HotS)_Korhal_City_Grass,
(HotS) Korhal City Rock Rough,(HotS)_Korhal_City_Rock_Rough,
(HotS) Korhal City Tiles Large,(HotS)_Korhal_City_Tiles_Large,
(HotS) Korhal City Tiles Medium,(HotS)_Korhal_City_Tiles_Medium,
(HotS) Korhal City Tiles Small,(HotS)_Korhal_City_Tiles_Small,
(HotS) Korhal Platform Grating,(HotS)_Korhal_Platform_Grating,
(HotS) Korhal Platform Panel Details,(HotS)_Korhal_Platform_Panel_Details,
(HotS) Korhal Platform Panels Large Dark,(HotS)_Korhal_Platform_Panels_Large_Dark,
(HotS) Korhal Platform Panels Large Light,(HotS)_Korhal_Platform_Panels_Large_Light,
(HotS) Korhal Platform Panels Medium,(HotS)_Korhal_Platform_Panels_Medium,
(HotS) Korhal Platform Panels Small Dark,(HotS)_Korhal_Platform_Panels_Small_Dark,
(HotS) Korhal Platform Panels Small Light,(HotS)_Korhal_Platform_Panels_Small_Light,
(HotS) Korhal Platform Tiles,(HotS)_Korhal_Platform_Tiles,
(HotS) Korhal Wastes Concrete Cracked,(HotS)_Korhal_Wastes_Concrete_Cracked,
(HotS) Korhal Wastes Dirt Dark,(HotS)_Korhal_Wastes_Dirt_Dark,
(HotS) Korhal Wastes Dirt Light,(HotS)_Korhal_Wastes_Dirt_Light,
(HotS) Korhal Wastes Grass,(HotS)_Korhal_Wastes_Grass,
(HotS) Korhal Wastes Rock Cracked,(HotS)_Korhal_Wastes_Rock_Cracked,
(HotS) Korhal Wastes Rock Rough,(HotS)_Korhal_Wastes_Rock_Rough,
(HotS) Korhal Wastes Sand,(HotS)_Korhal_Wastes_Sand,
(HotS) Korhal Wastes Tiles Large,(HotS)_Korhal_Wastes_Tiles_Large,
(HotS) Moros Dirt,(HotS)_Moros_Dirt,
(HotS) Moros Grating Dark,(HotS)_Moros_Grating_Dark,
(HotS) Moros Metal,(HotS)_Moros_Metal,
(HotS) Moros Panels Large,(HotS)_Moros_Panels_Large,
(HotS) Moros Panels Medium,(HotS)_Moros_Panels_Medium,
(HotS) Moros Panels Small,(HotS)_Moros_Panels_Small,
(HotS) Moros Tiles Large,(HotS)_Moros_Tiles_Large,
(HotS) Moros Tiles Small,(HotS)_Moros_Tiles_Small,
(HotS) Phaethon Dirt Dark,(HotS)_Phaethon_Dirt_Dark,
(HotS) Phaethon Dirt Light,(HotS)_Phaethon_Dirt_Light,
(HotS) Phaethon Dunes,(HotS)_Phaethon_Dunes,
(HotS) Phaethon Rock Cracked,(HotS)_Phaethon_Rock_Cracked,
(HotS) Phaethon Rock Rough,(HotS)_Phaethon_Rock_Rough,
(HotS) Phaethon Sand Dark,(HotS)_Phaethon_Sand_Dark,
(HotS) Phaethon Sand Light,(HotS)_Phaethon_Sand_Light,
(HotS) Phaethon Shale,(HotS)_Phaethon_Shale,
(HotS) Skygeirr Lab Dirt,(HotS)_Skygeirr_Lab_Dirt,
(HotS) Skygeirr Lab Innder Panel Details,(HotS)_Skygeirr_Lab_Innder_Panel_Details,
(HotS) Skygeirr Lab Inner Grid Medium,(HotS)_Skygeirr_Lab_Inner_Grid_Medium,
(HotS) Skygeirr Lab Inner Grid Small,(HotS)_Skygeirr_Lab_Inner_Grid_Small,
(HotS) Skygeirr Lab Inner Panels Dark,(HotS)_Skygeirr_Lab_Inner_Panels_Dark,
(HotS) Skygeirr Lab Inner Panels,(HotS)_Skygeirr_Lab_Inner_Panels,
(HotS) Skygeirr Lab Inner Plates,(HotS)_Skygeirr_Lab_Inner_Plates,
(HotS) Skygeirr Lab Inner Rock Cracked,(HotS)_Skygeirr_Lab_Inner_Rock_Cracked,
(HotS) Skygeirr Platform Grid Medium,(HotS)_Skygeirr_Platform_Grid_Medium,
(HotS) Skygeirr Platform Panels Clean,(HotS)_Skygeirr_Platform_Panels_Clean,
(HotS) Skygeirr Platform Panels Dark,(HotS)_Skygeirr_Platform_Panels_Dark,
(HotS) Skygeirr Platform Panels Detailed,(HotS)_Skygeirr_Platform_Panels_Detailed,
(HotS) Skygeirr Platform Panels Large,(HotS)_Skygeirr_Platform_Panels_Large,
(HotS) Skygeirr Platform Panels Medium,(HotS)_Skygeirr_Platform_Panels_Medium,
(HotS) Skygeirr Platform Panels Worn,(HotS)_Skygeirr_Platform_Panels_Worn,
(HotS) Skygeirr Platform Panels,(HotS)_Skygeirr_Platform_Panels,
(HotS) Umoja Dirt,(HotS)_Umoja_Dirt,
(HotS) Umoja Grid Small,(HotS)_Umoja_Grid_Small,
(HotS) Umoja Panels Large Dark,(HotS)_Umoja_Panels_Large_Dark,
(HotS) Umoja Panels Medium Dark,(HotS)_Umoja_Panels_Medium_Dark,
(HotS) Umoja Panels Medium Light,(HotS)_Umoja_Panels_Medium_Light,
(HotS) Umoja Panels Small Dark,(HotS)_Umoja_Panels_Small_Dark,
(HotS) Umoja Panels Small Light,(HotS)_Umoja_Panels_Small_Light,
(HotS) Umoja Rock,(HotS)_Umoja_Rock,
(HotS) Zerus Algae,(HotS)_Zerus_Algae,
(HotS) Zerus Dirt Dark,(HotS)_Zerus_Dirt_Dark,
(HotS) Zerus Dirt Medium,(HotS)_Zerus_Dirt_Medium,
(HotS) Zerus Grass,(HotS)_Zerus_Grass,
(HotS) Zerus Pebbles,(HotS)_Zerus_Pebbles,
(HotS) Zerus Rock,(HotS)_Zerus_Rock,
(HotS) Zerus Roots,(HotS)_Zerus_Roots,
(HotS) Zerus Slime,(HotS)_Zerus_Slime,
(Nova) BattleStation 1,(Nova)_BattleStation_1,
(Nova) BattleStation 2,(Nova)_BattleStation_2,
(Nova) BattleStation 3,(Nova)_BattleStation_3,
(Nova) BattleStation 4,(Nova)_BattleStation_4,
(Nova) BattleStation 5,(Nova)_BattleStation_5,
(Nova) BattleStation 6,(Nova)_BattleStation_6,
(Nova) BattleStation 7,(Nova)_BattleStation_7,
(Nova) BattleStation 8,(Nova)_BattleStation_8,
(Nova) Black Ops Lab A,(Nova)_Black_Ops_Lab_A,
(Nova) Black Ops Lab A2,(Nova)_Black_Ops_Lab_A2,
(Nova) Black Ops Lab A3,(Nova)_Black_Ops_Lab_A3,
(Nova) Black Ops Lab A4,(Nova)_Black_Ops_Lab_A4,
(Nova) Black Ops Lab A5,(Nova)_Black_Ops_Lab_A5,
(Nova) Black Ops Lab A6,(Nova)_Black_Ops_Lab_A6,
(Nova) Black Ops Lab A7,(Nova)_Black_Ops_Lab_A7,
(Nova) Black Ops Lab A8,(Nova)_Black_Ops_Lab_A8,
(Nova) CompoundMansion 1,(Nova)_CompoundMansion_1,
(Nova) CompoundMansion 2,(Nova)_CompoundMansion_2,
(Nova) CompoundMansion 3,(Nova)_CompoundMansion_3,
(Nova) CompoundMansion 4,(Nova)_CompoundMansion_4,
(Nova) CompoundMansion 5,(Nova)_CompoundMansion_5,
(Nova) CompoundMansion 6,(Nova)_CompoundMansion_6,
(Nova) CompoundMansion 7,(Nova)_CompoundMansion_7,
(Nova) CompoundMansion 8,(Nova)_CompoundMansion_8,
(Nova) CompoundSewer 1,(Nova)_CompoundSewer_1,
(Nova) CompoundSewer 2,(Nova)_CompoundSewer_2,
(Nova) CompoundSewer 3,(Nova)_CompoundSewer_3,
(Nova) CompoundSewer 4,(Nova)_CompoundSewer_4,
(Nova) CompoundSewer 5,(Nova)_CompoundSewer_5,
(Nova) CompoundSewer 6,(Nova)_CompoundSewer_6,
(Nova) CompoundSewer 7,(Nova)_CompoundSewer_7,
(Nova) CompoundSewer 8,(Nova)_CompoundSewer_8,
(Nova) DefendersCity 1,(Nova)_DefendersCity_1,
(Nova) DefendersCity 2,(Nova)_DefendersCity_2,
(Nova) DefendersCity 3,(Nova)_DefendersCity_3,
(Nova) DefendersCity 4,(Nova)_DefendersCity_4,
(Nova) DefendersCity 5,(Nova)_DefendersCity_5,
(Nova) DefendersCity 6,(Nova)_DefendersCity_6,
(Nova) DefendersCity 7,(Nova)_DefendersCity_7,
(Nova) DefendersCity 8,(Nova)_DefendersCity_8,
(Nova) Elsecaro1,(Nova)_Elsecaro1,
(Nova) Elsecaro2,(Nova)_Elsecaro2,
(Nova) Elsecaro3,(Nova)_Elsecaro3,
(Nova) Elsecaro4,(Nova)_Elsecaro4,
(Nova) Elsecaro5,(Nova)_Elsecaro5,
(Nova) Elsecaro6,(Nova)_Elsecaro6,
(Nova) Elsecaro7,(Nova)_Elsecaro7,
(Nova) Elsecaro8,(Nova)_Elsecaro8,
(Nova) ElsecaroCity1,(Nova)_ElsecaroCity1,
(Nova) ElsecaroCity2,(Nova)_ElsecaroCity2,
(Nova) ElsecaroCity4,(Nova)_ElsecaroCity4,
(Nova) ElsecaroCity5,(Nova)_ElsecaroCity5,
(Nova) ElsecaroCity7,(Nova)_ElsecaroCity7,
(Nova) ElsecaroCity8,(Nova)_ElsecaroCity8,
(Nova) Jarban Minor Jungle 1,(Nova)_Jarban_Minor_Jungle_1,
(Nova) Jarban Minor Jungle 2,(Nova)_Jarban_Minor_Jungle_2,
(Nova) Jarban Minor Jungle 3,(Nova)_Jarban_Minor_Jungle_3,
(Nova) Jarban Minor Jungle 4,(Nova)_Jarban_Minor_Jungle_4,
(Nova) Jarban Minor Jungle 5,(Nova)_Jarban_Minor_Jungle_5,
(Nova) Jarban Minor Jungle 6,(Nova)_Jarban_Minor_Jungle_6,
(Nova) Jarban Minor Jungle 7,(Nova)_Jarban_Minor_Jungle_7,
(Nova) Jarban Minor Jungle 8,(Nova)_Jarban_Minor_Jungle_8,
(Nova) PortCity1,(Nova)_PortCity1,
(Nova) PortCity2,(Nova)_PortCity2,
(Nova) PortCity3,(Nova)_PortCity3,
(Nova) PortCity4,(Nova)_PortCity4,
(Nova) PortCity5,(Nova)_PortCity5,
(Nova) PortCity6,(Nova)_PortCity6,
(Nova) PortCity7,(Nova)_PortCity7,
(Nova) PortCity8,(Nova)_PortCity8,
(Nova) PortCityB1,(Nova)_PortCityB1,
(Nova) PortCityB2,(Nova)_PortCityB2,
(Nova) PortCityB3,(Nova)_PortCityB3,
(Nova) PortCityB4,(Nova)_PortCityB4,
(Nova) PortCityB5,(Nova)_PortCityB5,
(Nova) PortCityB6,(Nova)_PortCityB6,
(Nova) PortCityB7,(Nova)_PortCityB7,
(Nova) PortCityB8,(Nova)_PortCityB8,
(Nova) Snow Refinery1,(Nova)_Snow_Refinery1,
(Nova) Snow Refinery2,(Nova)_Snow_Refinery2,
(Nova) Snow Refinery3,(Nova)_Snow_Refinery3,
(Nova) Snow Refinery4,(Nova)_Snow_Refinery4,
(Nova) Snow Refinery5,(Nova)_Snow_Refinery5,
(Nova) Snow Refinery6,(Nova)_Snow_Refinery6,
(Nova) Snow Refinery7,(Nova)_Snow_Refinery7,
(Nova) Snow Refinery8,(Nova)_Snow_Refinery8,
(Nova) Tarsonis City1,(Nova)_Tarsonis_City1,
(Nova) Tarsonis City2,(Nova)_Tarsonis_City2,
(Nova) Tarsonis City3,(Nova)_Tarsonis_City3,
(Nova) Tarsonis City4,(Nova)_Tarsonis_City4,
(Nova) Tarsonis City5,(Nova)_Tarsonis_City5,
(Nova) Tarsonis City6,(Nova)_Tarsonis_City6,
(Nova) Tarsonis City7,(Nova)_Tarsonis_City7,
(Nova) Tarsonis City8,(Nova)_Tarsonis_City8,
(Nova) Tarsonis Interior1,(Nova)_Tarsonis_Interior1,
(Nova) Tarsonis Interior2,(Nova)_Tarsonis_Interior2,
(Nova) Tarsonis Interior3,(Nova)_Tarsonis_Interior3,
(Nova) Tarsonis Interior4,(Nova)_Tarsonis_Interior4,
(Nova) Tarsonis Interior5,(Nova)_Tarsonis_Interior5,
(Nova) Tarsonis Interior6,(Nova)_Tarsonis_Interior6,
(Nova) Tarsonis Interior7,(Nova)_Tarsonis_Interior7,
(Nova) Tarsonis Interior8,(Nova)_Tarsonis_Interior8,
(Void) Aiur City1,(Void)_Aiur_City1,
(Void) Aiur City2,(Void)_Aiur_City2,
(Void) Aiur City3,(Void)_Aiur_City3,
(Void) Aiur City4,(Void)_Aiur_City4,
(Void) Aiur City5,(Void)_Aiur_City5,
(Void) Aiur City6,(Void)_Aiur_City6,
(Void) Aiur City7,(Void)_Aiur_City7,
(Void) Aiur City8,(Void)_Aiur_City8,
(Void) Aiur Temple Jungle1,(Void)_Aiur_Temple_Jungle1,
(Void) Aiur Temple Jungle2,(Void)_Aiur_Temple_Jungle2,
(Void) Aiur Temple Jungle3,(Void)_Aiur_Temple_Jungle3,
(Void) Aiur Temple Jungle4,(Void)_Aiur_Temple_Jungle4,
(Void) Aiur Temple Jungle5,(Void)_Aiur_Temple_Jungle5,
(Void) Aiur Temple Jungle6,(Void)_Aiur_Temple_Jungle6,
(Void) Aiur Temple Jungle7,(Void)_Aiur_Temple_Jungle7,
(Void) Aiur Temple Jungle8,(Void)_Aiur_Temple_Jungle8,
(Void) Aiur Temple1,(Void)_Aiur_Temple1,
(Void) Aiur Temple2,(Void)_Aiur_Temple2,
(Void) Aiur Temple3,(Void)_Aiur_Temple3,
(Void) Aiur Temple4,(Void)_Aiur_Temple4,
(Void) Aiur Temple5,(Void)_Aiur_Temple5,
(Void) Aiur Temple6,(Void)_Aiur_Temple6,
(Void) Aiur Temple7,(Void)_Aiur_Temple7,
(Void) Aiur Temple8,(Void)_Aiur_Temple8,
(Void) Aiur4 City1,(Void)_Aiur4_City1,
(Void) Aiur4 City2,(Void)_Aiur4_City2,
(Void) Aiur4 City3,(Void)_Aiur4_City3,
(Void) Aiur4 City4,(Void)_Aiur4_City4,
(Void) Aiur4 City5,(Void)_Aiur4_City5,
(Void) Aiur4 City6,(Void)_Aiur4_City6,
(Void) Aiur4 City7,(Void)_Aiur4_City7,
(Void) Aiur4 City8,(Void)_Aiur4_City8,
(Void) Aiur4 Temple1,(Void)_Aiur4_Temple1,
(Void) Aiur4 Temple2,(Void)_Aiur4_Temple2,
(Void) Aiur4 Temple3,(Void)_Aiur4_Temple3,
(Void) Aiur4 Temple4,(Void)_Aiur4_Temple4,
(Void) Aiur4 Temple5,(Void)_Aiur4_Temple5,
(Void) Aiur4 Temple6,(Void)_Aiur4_Temple6,
(Void) Aiur4 Temple7,(Void)_Aiur4_Temple7,
(Void) Aiur4 Temple8,(Void)_Aiur4_Temple8,
(Void) BelShirBricksLargeEx2,(Void)_BelShirBricksLargeEx2,
(Void) BelShirBricksSmallEx2,(Void)_BelShirBricksSmallEx2,
(Void) BelShirBrushEx2,(Void)_BelShirBrushEx2,
(Void) BelShirDirtDarkEx2,(Void)_BelShirDirtDarkEx2,
(Void) BelShirDirtLightEx2,(Void)_BelShirDirtLightEx2,
(Void) BelShirGrassDarkEx2,(Void)_BelShirGrassDarkEx2,
(Void) BelShirGrassLightEx2,(Void)_BelShirGrassLightEx2,
(Void) BelShirSmallTilesEx2,(Void)_BelShirSmallTilesEx2,
(Void) BraxisAlphaDarkPlatesEx2,(Void)_BraxisAlphaDarkPlatesEx2,
(Void) BraxisAlphaMeshEx2,(Void)_BraxisAlphaMeshEx2,
(Void) BraxisAlphaMetalDetailEx2,(Void)_BraxisAlphaMetalDetailEx2,
(Void) BraxisAlphaMetalEx2,(Void)_BraxisAlphaMetalEx2,
(Void) BraxisAlphaPlatesEx2,(Void)_BraxisAlphaPlatesEx2,
(Void) BraxisAlphaRockEx2,(Void)_BraxisAlphaRockEx2,
(Void) BraxisAlphaRustEx2,(Void)_BraxisAlphaRustEx2,
(Void) BraxisAlphaWreckedPlatesEx2,(Void)_BraxisAlphaWreckedPlatesEx2,
(Void) Castanar Grating Ex2,(Void)_Castanar_Grating_Ex2,
(Void) Castanar Grid Ex2,(Void)_Castanar_Grid_Ex2,
(Void) Castanar Mesh Ex2,(Void)_Castanar_Mesh_Ex2,
(Void) Castanar Metal Ex2,(Void)_Castanar_Metal_Ex2,
(Void) Castanar Panels Ex2,(Void)_Castanar_Panels_Ex2,
(Void) Castanar Rock Ex2,(Void)_Castanar_Rock_Ex2,
(Void) Castanar Small Tiles Ex2,(Void)_Castanar_Small_Tiles_Ex2,
(Void) Castanar Tiles Ex2,(Void)_Castanar_Tiles_Ex2,
(Void) CharCracksEx2,(Void)_CharCracksEx2,
(Void) CharDirtCrackedEx2,(Void)_CharDirtCrackedEx2,
(Void) CharDirtEx2,(Void)_CharDirtEx2,
(Void) CharDirtLightEx2,(Void)_CharDirtLightEx2,
(Void) CharLavaCracksEx2,(Void)_CharLavaCracksEx2,
(Void) CharMudEx2,(Void)_CharMudEx2,
(Void) CharRockEx2,(Void)_CharRockEx2,
(Void) CharSpongeEx2,(Void)_CharSpongeEx2,
(Void) Cybros1,(Void)_Cybros1,
(Void) Cybros2,(Void)_Cybros2,
(Void) Cybros3,(Void)_Cybros3,
(Void) Cybros4,(Void)_Cybros4,
(Void) Cybros5,(Void)_Cybros5,
(Void) Cybros6,(Void)_Cybros6,
(Void) Cybros7,(Void)_Cybros7,
(Void) Cybros8,(Void)_Cybros8,
(Void) Endion1,(Void)_Endion1,
(Void) Endion2,(Void)_Endion2,
(Void) Endion3,(Void)_Endion3,
(Void) Endion4,(Void)_Endion4,
(Void) Endion5,(Void)_Endion5,
(Void) Endion6,(Void)_Endion6,
(Void) Endion7,(Void)_Endion7,
(Void) Endion8,(Void)_Endion8,
(Void) EndionAiurProtoss1,(Void)_EndionAiurProtoss1,
(Void) EndionAiurProtoss2,(Void)_EndionAiurProtoss2,
(Void) Generic1,(Void)_Generic1,
(Void) Generic2,(Void)_Generic2,
(Void) Generic3,(Void)_Generic3,
(Void) IceWorldEx2_1,(Void)_IceWorldEx2_1,
(Void) IceWorldEx2_2,(Void)_IceWorldEx2_2,
(Void) IceWorldEx2_3,(Void)_IceWorldEx2_3,
(Void) IceWorldEx2_4,(Void)_IceWorldEx2_4,
(Void) IceWorldEx2_5,(Void)_IceWorldEx2_5,
(Void) IceWorldEx2_6,(Void)_IceWorldEx2_6,
(Void) IceWorldEx2_7,(Void)_IceWorldEx2_7,
(Void) IceWorldEx2_8,(Void)_IceWorldEx2_8,
(Void) Korhal City Ex2_1,(Void)_Korhal_City_Ex2_1,
(Void) Korhal City Ex2_2,(Void)_Korhal_City_Ex2_2,
(Void) Korhal City Ex2_3,(Void)_Korhal_City_Ex2_3,
(Void) Korhal City Ex2_4,(Void)_Korhal_City_Ex2_4,
(Void) Korhal City Ex2_5,(Void)_Korhal_City_Ex2_5,
(Void) Korhal City Ex2_6,(Void)_Korhal_City_Ex2_6,
(Void) Korhal City Ex2_7,(Void)_Korhal_City_Ex2_7,
(Void) Korhal City Ex2_8,(Void)_Korhal_City_Ex2_8,
(Void) KorhalPlatformEx2_1,(Void)_KorhalPlatformEx2_1,
(Void) KorhalPlatformEx2_2,(Void)_KorhalPlatformEx2_2,
(Void) KorhalPlatformEx2_3,(Void)_KorhalPlatformEx2_3,
(Void) KorhalPlatformEx2_4,(Void)_KorhalPlatformEx2_4,
(Void) KorhalPlatformEx2_5,(Void)_KorhalPlatformEx2_5,
(Void) KorhalPlatformEx2_6,(Void)_KorhalPlatformEx2_6,
(Void) KorhalPlatformEx2_7,(Void)_KorhalPlatformEx2_7,
(Void) KorhalPlatformEx2_8,(Void)_KorhalPlatformEx2_8,
(Void) MarSaraBlackenedRockEx2,(Void)_MarSaraBlackenedRockEx2,
(Void) MarSaraConcreteEx2,(Void)_MarSaraConcreteEx2,
(Void) MarSaraDarkSandEx2,(Void)_MarSaraDarkSandEx2,
(Void) MarSaraDirtCrackedEx2,(Void)_MarSaraDirtCrackedEx2,
(Void) MarSaraDirtEx2,(Void)_MarSaraDirtEx2,
(Void) MarSaraPanelsEx2,(Void)_MarSaraPanelsEx2,
(Void) MarSaraRockyEx2,(Void)_MarSaraRockyEx2,
(Void) MarSaraSandEx2,(Void)_MarSaraSandEx2,
(Void) MoebiusLab1,(Void)_MoebiusLab1,
(Void) MoebiusLab2,(Void)_MoebiusLab2,
(Void) MoebiusLab3,(Void)_MoebiusLab3,
(Void) MoebiusLab4,(Void)_MoebiusLab4,
(Void) MoebiusLab5,(Void)_MoebiusLab5,
(Void) MoebiusLab6,(Void)_MoebiusLab6,
(Void) MoebiusLab7,(Void)_MoebiusLab7,
(Void) MoebiusLab8,(Void)_MoebiusLab8,
(Void) Protoss Base1,(Void)_Protoss_Base1,
(Void) Protoss Base2,(Void)_Protoss_Base2,
(Void) Protoss Base3,(Void)_Protoss_Base3,
(Void) Protoss Base4,(Void)_Protoss_Base4,
(Void) Protoss Base5,(Void)_Protoss_Base5,
(Void) Protoss Base6,(Void)_Protoss_Base6,
(Void) Protoss Base7,(Void)_Protoss_Base7,
(Void) Protoss Base8,(Void)_Protoss_Base8,
(Void) Shadow Corps1,(Void)_Shadow_Corps1,
(Void) Shadow Corps2,(Void)_Shadow_Corps2,
(Void) Shadow Corps3,(Void)_Shadow_Corps3,
(Void) Shadow Corps4,(Void)_Shadow_Corps4,
(Void) Shadow Corps5,(Void)_Shadow_Corps5,
(Void) Shadow Corps6,(Void)_Shadow_Corps6,
(Void) Shadow Corps7,(Void)_Shadow_Corps7,
(Void) Shadow Corps8,(Void)_Shadow_Corps8,
(Void) Shakuras City1,(Void)_Shakuras_City1,
(Void) Shakuras City2,(Void)_Shakuras_City2,
(Void) Shakuras City3,(Void)_Shakuras_City3,
(Void) Shakuras City4,(Void)_Shakuras_City4,
(Void) Shakuras City5,(Void)_Shakuras_City5,
(Void) Shakuras City6,(Void)_Shakuras_City6,
(Void) Shakuras City7,(Void)_Shakuras_City7,
(Void) Shakuras City8,(Void)_Shakuras_City8,
(Void) Shakuras Temple1,(Void)_Shakuras_Temple1,
(Void) Shakuras Temple2,(Void)_Shakuras_Temple2,
(Void) Shakuras Temple3,(Void)_Shakuras_Temple3,
(Void) Shakuras Temple4,(Void)_Shakuras_Temple4,
(Void) Shakuras Temple5,(Void)_Shakuras_Temple5,
(Void) Shakuras Temple6,(Void)_Shakuras_Temple6,
(Void) Shakuras Temple7,(Void)_Shakuras_Temple7,
(Void) Shakuras Temple8,(Void)_Shakuras_Temple8,
(Void) Slayn Grass1,(Void)_Slayn_Grass1,
(Void) Slayn Grass2,(Void)_Slayn_Grass2,
(Void) Slayn Grass3,(Void)_Slayn_Grass3,
(Void) Slayn Grass4,(Void)_Slayn_Grass4,
(Void) Slayn Grass5,(Void)_Slayn_Grass5,
(Void) Slayn Grass6,(Void)_Slayn_Grass6,
(Void) Slayn Grass7,(Void)_Slayn_Grass7,
(Void) Slayn Grass8,(Void)_Slayn_Grass8,
(Void) Slayn1,(Void)_Slayn1,
(Void) Slayn2,(Void)_Slayn2,
(Void) Slayn3,(Void)_Slayn3,
(Void) Slayn4,(Void)_Slayn4,
(Void) Slayn5,(Void)_Slayn5,
(Void) Slayn6,(Void)_Slayn6,
(Void) Slayn7,(Void)_Slayn7,
(Void) Slayn8,(Void)_Slayn8,
(Void) Spear Of Adun,(Void)_Spear_Of_Adun,
(Void) Spear Of Adun1,(Void)_Spear_Of_Adun1,
(Void) Spear Of Adun2,(Void)_Spear_Of_Adun2,
(Void) Spear Of Adun3,(Void)_Spear_Of_Adun3,
(Void) Spear Of Adun5,(Void)_Spear_Of_Adun5,
(Void) Spear Of Adun6,(Void)_Spear_Of_Adun6,
(Void) Spear Of Adun7,(Void)_Spear_Of_Adun7,
(Void) Spear Of Adun8,(Void)_Spear_Of_Adun8,
(Void) Ulnar Inner1,(Void)_Ulnar_Inner1,
(Void) Ulnar Inner2,(Void)_Ulnar_Inner2,
(Void) Ulnar Inner3,(Void)_Ulnar_Inner3,
(Void) Ulnar Inner4,(Void)_Ulnar_Inner4,
(Void) Ulnar Inner5,(Void)_Ulnar_Inner5,
(Void) Ulnar Inner6,(Void)_Ulnar_Inner6,
(Void) Ulnar Inner7,(Void)_Ulnar_Inner7,
(Void) Ulnar Inner8,(Void)_Ulnar_Inner8,
(Void) Ulnar Outer1,(Void)_Ulnar_Outer1,
(Void) Ulnar Outer2,(Void)_Ulnar_Outer2,
(Void) Ulnar Outer3,(Void)_Ulnar_Outer3,
(Void) Ulnar Outer4,(Void)_Ulnar_Outer4,
(Void) Ulnar Outer5,(Void)_Ulnar_Outer5,
(Void) Ulnar Outer6,(Void)_Ulnar_Outer6,
(Void) Ulnar Outer7,(Void)_Ulnar_Outer7,
(Void) Ulnar Outer8,(Void)_Ulnar_Outer8,
(Void) Ulnar Portal1,(Void)_Ulnar_Portal1,
(Void) Ulnar Portal2,(Void)_Ulnar_Portal2,
(Void) Ulnar Portal3,(Void)_Ulnar_Portal3,
(Void) Ulnar Portal4,(Void)_Ulnar_Portal4,
(Void) Ulnar Portal5,(Void)_Ulnar_Portal5,
(Void) Ulnar Portal6,(Void)_Ulnar_Portal6,
(Void) Ulnar Portal7,(Void)_Ulnar_Portal7,
(Void) Ulnar Portal8,(Void)_Ulnar_Portal8,
(Void) Void1,(Void)_Void1,
(Void) Void2,(Void)_Void2,
(Void) Void3,(Void)_Void3,
(Void) Void4,(Void)_Void4,
(Void) Void5,(Void)_Void5,
(Void) Void6,(Void)_Void6,
(Void) Void7,(Void)_Void7,
(Void) Void8,(Void)_Void8,
(Void) XelNagaCavern1,(Void)_XelNagaCavern1,
(Void) XelNagaCavern2,(Void)_XelNagaCavern2,
(Void) XelNagaCavern3,(Void)_XelNagaCavern3,
(Void) XelNagaCavern4,(Void)_XelNagaCavern4,
(Void) XelNagaCavern5,(Void)_XelNagaCavern5,
(Void) XelNagaCavern6,(Void)_XelNagaCavern6,
(Void) XelNagaCavern7,(Void)_XelNagaCavern7,
(Void) XelNagaCavern8,(Void)_XelNagaCavern8,
Agria Concrete,Agria_Concrete,
Agria Crops,Agria_Crops,
Agria Dirt Rough,Agria_Dirt_Rough,
Agria Dirt,Agria_Dirt,
Agria Foliage,Agria_Foliage,
Agria Grass Green,Agria_Grass_Green,
Agria Grass Yellow,Agria_Grass_Yellow,
Agria Rock,Agria_Rock,
Aiur Creep Holes,Aiur_Creep_Holes,
Aiur Dirt,Aiur_Dirt,
Aiur Grass,Aiur_Grass,
Aiur Grunge,Aiur_Grunge,
Aiur Large Bricks,Aiur_Large_Bricks,
Aiur Rock,Aiur_Rock,
Aiur Small Bricks,Aiur_Small_Bricks,
Aiur Tiles,Aiur_Tiles,
Avernus Dirt,Avernus_Dirt,
Avernus Large Tiles,Avernus_Large_Tiles,
Avernus Mesh,Avernus_Mesh,
Avernus Metal,Avernus_Metal,
Avernus Panels,Avernus_Panels,
Avernus Plates,Avernus_Plates,
Avernus Rock,Avernus_Rock,
Avernus Small Tiles,Avernus_Small_Tiles,
Bel'Shir Bricks Large,Bel'Shir_Bricks_Large,
Bel'Shir Bricks Small,Bel'Shir_Bricks_Small,
Bel'Shir Brush,Bel'Shir_Brush,
Bel'Shir Dirt Dark,Bel'Shir_Dirt_Dark,
Bel'Shir Dirt Light,Bel'Shir_Dirt_Light,
Bel'Shir Grass Dark,Bel'Shir_Grass_Dark,
Bel'Shir Grass Light,Bel'Shir_Grass_Light,
Bel'Shir Small Tiles,Bel'Shir_Small_Tiles,
Braxis Alpha Dark Plates,Braxis_Alpha_Dark_Plates,
Braxis Alpha Mesh,Braxis_Alpha_Mesh,
Braxis Alpha Metal Detail,Braxis_Alpha_Metal_Detail,
Braxis Alpha Metal,Braxis_Alpha_Metal,
Braxis Alpha Plates,Braxis_Alpha_Plates,
Braxis Alpha Rock,Braxis_Alpha_Rock,
Braxis Alpha Rust,Braxis_Alpha_Rust,
Braxis Alpha Wrecked Plates,Braxis_Alpha_Wrecked_Plates,
Castanar Grating,Castanar_Grating,
Castanar Grid,Castanar_Grid,
Castanar Mesh,Castanar_Mesh,
Castanar Metal,Castanar_Metal,
Castanar Panels,Castanar_Panels,
Castanar Rock,Castanar_Rock,
Castanar Small Tiles,Castanar_Small_Tiles,
Castanar Tiles,Castanar_Tiles,
Char Dirt Cracked,Char_Dirt_Cracked,
Char Dirt Light,Char_Dirt_Light,
Char Dirt,Char_Dirt,
Char Lava Cracks,Char_Lava_Cracks,
Char Mud,Char_Mud,
Char Red Cracks,Char_Red_Cracks,
Char Rock,Char_Rock,
Char Sponge,Char_Sponge,
Haven Dirt,Haven_Dirt,
Haven Grass Dark,Haven_Grass_Dark,
Haven Grass Light,Haven_Grass_Light,
Haven Grass Rocky,Haven_Grass_Rocky,
Haven Grass,Haven_Grass,
Haven Leaves,Haven_Leaves,
Haven Rock Rough,Haven_Rock_Rough,
Haven Rock Smooth,Haven_Rock_Smooth,
Korhal Brick,Korhal_Brick,
Korhal Concrete,Korhal_Concrete,
Korhal Cracked Dirt,Korhal_Cracked_Dirt,
Korhal Dark Concrete,Korhal_Dark_Concrete,
Korhal Dirt,Korhal_Dirt,
Korhal Grass,Korhal_Grass,
Korhal Small Tiles,Korhal_Small_Tiles,
Korhal Tiles,Korhal_Tiles,
Mar Sara Blackened Rock,Mar_Sara_Blackened_Rock,
Mar Sara Concrete,Mar_Sara_Concrete,
Mar Sara Dark Sand,Mar_Sara_Dark_Sand,
Mar Sara Dirt Cracked,Mar_Sara_Dirt_Cracked,
Mar Sara Dirt,Mar_Sara_Dirt,
Mar Sara Panels,Mar_Sara_Panels,
Mar Sara Rocky,Mar_Sara_Rocky,
Mar Sara Sand,Mar_Sara_Sand,
Meinhoff Concrete,Meinhoff_Concrete,
Meinhoff Craters,Meinhoff_Craters,
Meinhoff Grating,Meinhoff_Grating,
Meinhoff Panels,Meinhoff_Panels,
Meinhoff Rock,Meinhoff_Rock,
Meinhoff Rough Sand,Meinhoff_Rough_Sand,
Meinhoff Sand Dunes,Meinhoff_Sand_Dunes,
Meinhoff White Sand,Meinhoff_White_Sand,
Monlyth Bricks,Monlyth_Bricks,
Monlyth Cracked,Monlyth_Cracked,
Monlyth Dirt,Monlyth_Dirt,
Monlyth Dunes,Monlyth_Dunes,
Monlyth Plates,Monlyth_Plates,
Monlyth Rock,Monlyth_Rock,
Monlyth Sand,Monlyth_Sand,
Monlyth Tiles,Monlyth_Tiles,
New Folsom Concrete,New_Folsom_Concrete,
New Folsom Dirt Cracked,New_Folsom_Dirt_Cracked,
New Folsom Dirt,New_Folsom_Dirt,
New Folsom Grating,New_Folsom_Grating,
New Folsom Mesh,New_Folsom_Mesh,
New Folsom Rock,New_Folsom_Rock,
New Folsom Sand,New_Folsom_Sand,
New Folsom Tiles,New_Folsom_Tiles,
Port Zion Dirt Cracked,Port_Zion_Dirt_Cracked,
Port Zion Dirt,Port_Zion_Dirt,
Port Zion Grass,Port_Zion_Grass,
Port Zion Grating,Port_Zion_Grating,
Port Zion Junk,Port_Zion_Junk,
Port Zion Mesh,Port_Zion_Mesh,
Port Zion Rock,Port_Zion_Rock,
Port Zion Tiles,Port_Zion_Tiles,
Redstone Dirt,Redstone_Dirt,
Redstone Fossils,Redstone_Fossils,
Redstone Lava Cracks,Redstone_Lava_Cracks,
Redstone Mud,Redstone_Mud,
Redstone Panels,Redstone_Panels,
Redstone Rock,Redstone_Rock,
Redstone Rocky Dirt,Redstone_Rocky_Dirt,
Redstone Rough,Redstone_Rough,
Shakuras Bricks,Shakuras_Bricks,
Shakuras Dirt Cracked,Shakuras_Dirt_Cracked,
Shakuras Hextiles,Shakuras_Hextiles,
Shakuras Rock Cracked,Shakuras_Rock_Cracked,
Shakuras Rock Rough,Shakuras_Rock_Rough,
Shakuras Sand Dark,Shakuras_Sand_Dark,
Shakuras Sand,Shakuras_Sand,
Shakuras Stone,Shakuras_Stone,
Tarsonis Concrete,Tarsonis_Concrete,
Tarsonis Cracks,Tarsonis_Cracks,
Tarsonis Detail,Tarsonis_Detail,
Tarsonis Dirt Rough,Tarsonis_Dirt_Rough,
Tarsonis Dirt,Tarsonis_Dirt,
Tarsonis Grass,Tarsonis_Grass,
Tarsonis Plating,Tarsonis_Plating,
Tarsonis Rubble,Tarsonis_Rubble,
Typhon Brick,Typhon_Brick,
Typhon Cracked Dirt,Typhon_Cracked_Dirt,
Typhon Dirt,Typhon_Dirt,
Typhon Grass,Typhon_Grass,
Typhon Rock,Typhon_Rock,
Typhon Rocky Dirt,Typhon_Rocky_Dirt,
Typhon Small Craters,Typhon_Small_Craters,
Typhon Stone Tiles,Typhon_Stone_Tiles,
Tyrador Big Bricks,Tyrador_Big_Bricks,
Tyrador Bricks,Tyrador_Bricks,
Tyrador Concrete Cracked,Tyrador_Concrete_Cracked,
Tyrador Concrete,Tyrador_Concrete,
Tyrador Grass,Tyrador_Grass,
Tyrador Marble Tiles,Tyrador_Marble_Tiles,
Tyrador Rubble,Tyrador_Rubble,
Tyrador Square Bricks,Tyrador_Square_Bricks,
Ulaan Dirt Cracked,Ulaan_Dirt_Cracked,
Ulaan Dirt,Ulaan_Dirt,
Ulaan Grunge,Ulaan_Grunge,
Ulaan Pebbles,Ulaan_Pebbles,
Ulaan Rocky,Ulaan_Rocky,
Ulaan Rough Rock,Ulaan_Rough_Rock,
Ulaan Sand,Ulaan_Sand,
Ulaan Stone,Ulaan_Stone,
Ulnar Cracks,Ulnar_Cracks,
Ulnar Dirt,Ulnar_Dirt,
Ulnar Hull 1,Ulnar_Hull_1,
Ulnar Hull 2,Ulnar_Hull_2,
Ulnar Hull 3,Ulnar_Hull_3,
Ulnar Junk,Ulnar_Junk,
Ulnar Rock,Ulnar_Rock,
Ulnar Rubble,Ulnar_Rubble,
Valhalla Cracked Dirt,Valhalla_Cracked_Dirt,
Valhalla Dirt,Valhalla_Dirt,
Valhalla Grating,Valhalla_Grating,
Valhalla Large Tiles,Valhalla_Large_Tiles,
Valhalla Panels,Valhalla_Panels,
Valhalla Rock,Valhalla_Rock,
Valhalla Sand,Valhalla_Sand,
Valhalla Small Tiles,Valhalla_Small_Tiles,
Xil Dirt Cracked,Xil_Dirt_Cracked,
Xil Dirt Rocky,Xil_Dirt_Rocky,
Xil Dirt,Xil_Dirt,
Xil Grass,Xil_Grass,
Xil Rock Cracked,Xil_Rock_Cracked,
Xil Rock Dark,Xil_Rock_Dark,
Xil Sand Cracked,Xil_Sand_Cracked,
Xil Sand,Xil_Sand,
Zhakul'Das Bricks,Zhakul'Das_Bricks,
Zhakul'Das Dark Rock,Zhakul'Das_Dark_Rock,
Zhakul'Das Dirt Cracked,Zhakul'Das_Dirt_Cracked,
Zhakul'Das Dirt Rough,Zhakul'Das_Dirt_Rough,
Zhakul'Das Grass,Zhakul'Das_Grass,
Zhakul'Das Light Rock,Zhakul'Das_Light_Rock,
Zhakul'Das Mercury Cracks,Zhakul'Das_Mercury_Cracks,
Zhakul'Das Tiles,Zhakul'Das_Tiles }  ,